﻿<?xml version="1.0" encoding="utf-8"?>
<TextureAtlas imagePath="campyShit.png">
	<!-- Created with Adobe Animate version 18.0.2.126 -->
	<!-- http://www.adobe.com/products/animate.html -->
	<SubTexture name="campyIdle0000" x="0" y="0" width="376" height="193"/>
	<SubTexture name="campyIdle0001" x="0" y="0" width="376" height="193"/>
	<SubTexture name="campyIdle0002" x="376" y="0" width="376" height="193"/>
	<SubTexture name="campyIdle0003" x="376" y="0" width="376" height="193"/>
	<SubTexture name="campyIdle0004" x="752" y="0" width="376" height="193"/>
	<SubTexture name="campyIdle0005" x="752" y="0" width="376" height="193"/>
	<SubTexture name="campyIdle0006" x="752" y="0" width="376" height="193"/>
	<SubTexture name="campyIdle0007" x="752" y="0" width="376" height="193"/>
	<SubTexture name="campyIdle0008" x="752" y="0" width="376" height="193"/>
	<SubTexture name="campyIdle0009" x="752" y="0" width="376" height="193"/>
	<SubTexture name="campyIdle0010" x="752" y="0" width="376" height="193"/>
	<SubTexture name="campyIdle0011" x="752" y="0" width="376" height="193"/>
	<SubTexture name="campyIdle0012" x="752" y="0" width="376" height="193"/>
	<SubTexture name="campyIdle0013" x="752" y="0" width="376" height="193"/>
	<SubTexture name="campyIdle0014" x="752" y="0" width="376" height="193"/>
	<SubTexture name="campyIdle0015" x="752" y="0" width="376" height="193"/>
	<SubTexture name="campyIdle0016" x="752" y="0" width="376" height="193"/>
	<SubTexture name="campyIdle0017" x="752" y="0" width="376" height="193"/>
	<SubTexture name="campyIdle0018" x="752" y="0" width="376" height="193"/>
	<SubTexture name="campyIdle0019" x="752" y="0" width="376" height="193"/>
	<SubTexture name="campyIdle0020" x="752" y="0" width="376" height="193"/>
	<SubTexture name="campyIdle0021" x="752" y="0" width="376" height="193"/>
	<SubTexture name="campyIdle0022" x="752" y="0" width="376" height="193"/>
	<SubTexture name="campyIdle0023" x="752" y="0" width="376" height="193"/>
	<SubTexture name="campyPC0000" x="1128" y="0" width="203" height="280"/>
	<SubTexture name="campyPC0001" x="1331" y="0" width="203" height="280"/>
	<SubTexture name="campyPC0002" x="1534" y="0" width="203" height="280"/>
	<SubTexture name="campyPC0003" x="1737" y="0" width="203" height="280"/>
	<SubTexture name="campyPaint0000" x="0" y="280" width="301" height="240"/>
	<SubTexture name="campyPaint0001" x="0" y="280" width="301" height="240"/>
	<SubTexture name="campyPaint0002" x="301" y="280" width="301" height="240"/>
	<SubTexture name="campyPaint0003" x="301" y="280" width="301" height="240"/>
	<SubTexture name="campyPaint0004" x="602" y="280" width="301" height="240"/>
	<SubTexture name="campyPaint0005" x="602" y="280" width="301" height="240"/>
	<SubTexture name="campyPaint0006" x="903" y="280" width="301" height="240"/>
	<SubTexture name="campyPaint0007" x="903" y="280" width="301" height="240"/>
	<SubTexture name="campySleep0000" x="1204" y="280" width="358" height="216"/>
	<SubTexture name="campySleep0001" x="1204" y="280" width="358" height="216"/>
	<SubTexture name="campySleep0002" x="1204" y="280" width="358" height="216"/>
	<SubTexture name="campySleep0003" x="1204" y="280" width="358" height="216"/>
	<SubTexture name="campySleep0004" x="1562" y="280" width="358" height="216"/>
	<SubTexture name="campySleep0005" x="0" y="520" width="358" height="216"/>
	<SubTexture name="campySleep0006" x="0" y="520" width="358" height="216"/>
	<SubTexture name="campySleep0007" x="0" y="520" width="358" height="216"/>
	<SubTexture name="campySleep0008" x="0" y="520" width="358" height="216"/>
	<SubTexture name="campySleep0009" x="0" y="520" width="358" height="216"/>
	<SubTexture name="campySleep0010" x="0" y="520" width="358" height="216"/>
	<SubTexture name="campySleep0011" x="358" y="520" width="358" height="216"/>
	<SubTexture name="campySleep0012" x="716" y="520" width="358" height="216"/>
	<SubTexture name="campySleep0013" x="716" y="520" width="358" height="216"/>
	<SubTexture name="campySleep0014" x="716" y="520" width="358" height="216"/>
	<SubTexture name="campySleep0015" x="1562" y="280" width="358" height="216"/>
	<SubTexture name="campySleep0016" x="1074" y="520" width="358" height="216"/>
	<SubTexture name="campySleep0017" x="1074" y="520" width="358" height="216"/>
	<SubTexture name="campySleep0018" x="1432" y="520" width="358" height="216"/>
	<SubTexture name="campySleep0019" x="0" y="736" width="358" height="216"/>
	<SubTexture name="campySleep0020" x="358" y="736" width="358" height="216"/>
	<SubTexture name="campySleep0021" x="716" y="736" width="358" height="216"/>
	<SubTexture name="campySleep0022" x="1074" y="736" width="358" height="216"/>
	<SubTexture name="campySleep0023" x="1432" y="736" width="358" height="216"/>
	<SubTexture name="campySleep0024" x="1432" y="736" width="358" height="216"/>
	<SubTexture name="campySleep0025" x="1432" y="736" width="358" height="216"/>
	<SubTexture name="campySleep0026" x="1432" y="736" width="358" height="216"/>
	<SubTexture name="campySleep0027" x="1432" y="736" width="358" height="216"/>
	<SubTexture name="campySleep0028" x="1432" y="736" width="358" height="216"/>
	<SubTexture name="campySleep0029" x="1432" y="736" width="358" height="216"/>
	<SubTexture name="campySleep0030" x="1432" y="736" width="358" height="216"/>
	<SubTexture name="campySleep0031" x="1432" y="736" width="358" height="216"/>
	<SubTexture name="campySleep0032" x="1432" y="736" width="358" height="216"/>
	<SubTexture name="campySleep0033" x="1432" y="736" width="358" height="216"/>
	<SubTexture name="campySleep0034" x="1432" y="736" width="358" height="216"/>
	<SubTexture name="campySleep0035" x="1432" y="736" width="358" height="216"/>
	<SubTexture name="campySleep0036" x="1432" y="736" width="358" height="216"/>
	<SubTexture name="campySleep0037" x="1432" y="736" width="358" height="216"/>
	<SubTexture name="campySleep0038" x="1432" y="736" width="358" height="216"/>
	<SubTexture name="campySleep0039" x="1432" y="736" width="358" height="216"/>
	<SubTexture name="campySleep0040" x="1432" y="736" width="358" height="216"/>
	<SubTexture name="campySleep0041" x="1432" y="736" width="358" height="216"/>
	<SubTexture name="campySleep0042" x="1432" y="736" width="358" height="216"/>
	<SubTexture name="campySleep0043" x="1432" y="736" width="358" height="216"/>
	<SubTexture name="campySleep0044" x="1432" y="736" width="358" height="216"/>
	<SubTexture name="campySleep0045" x="1432" y="736" width="358" height="216"/>
	<SubTexture name="campySleep0046" x="1432" y="736" width="358" height="216"/>
</TextureAtlas>
