﻿<?xml version="1.0" encoding="utf-8"?>
<TextureAtlas imagePath="dialogue.png">
	<!-- Created with Adobe Animate version 18.0.2.126 -->
	<!-- http://www.adobe.com/products/animate.html -->
	<SubTexture name="happy0000" x="0" y="0" width="729" height="413"/>
	<SubTexture name="happy0001" x="0" y="0" width="729" height="413"/>
	<SubTexture name="happy0002" x="729" y="0" width="729" height="413"/>
	<SubTexture name="happy0003" x="1458" y="0" width="729" height="413"/>
	<SubTexture name="regular0000" x="2187" y="0" width="729" height="420"/>
	<SubTexture name="regular0001" x="2187" y="0" width="729" height="420"/>
	<SubTexture name="regular0002" x="2916" y="0" width="729" height="420"/>
	<SubTexture name="regular0003" x="0" y="420" width="729" height="420"/>
	<SubTexture name="sad0000" x="729" y="420" width="729" height="422"/>
	<SubTexture name="sad0001" x="729" y="420" width="729" height="422"/>
	<SubTexture name="sad0002" x="1458" y="420" width="729" height="422"/>
	<SubTexture name="sad0003" x="2187" y="420" width="729" height="422"/>
</TextureAtlas>
